,precision,recall,f1-score,support
Sad,0.8536683904330963,0.8550501780511492,0.8543587255377647,12356.0
accuracy,0.8420175438596491,0.8420175438596491,0.8420175438596491,0.8420175438596491
weighted avg,0.8419951899713655,0.8420175438596491,0.8420057160067853,22800.0
macro avg,0.8409266741114061,0.8408245911320472,0.8408749732730035,22800.0
Happy,0.828184957789716,0.8265990042129452,0.8273912210082424,10444.0
